{"cameraMode":{"drawMode":0,"name":"Shaded","section":"Shading Mode"},"sceneLighting":true,"audioPlay":false,"sceneViewState":{"showFog":true,"showMaterialUpdate":false,"showSkybox":true,"showFlares":true,"showImageEffects":true,"showParticleSystems":true},"in2DMode":false,"pivot":{"x":-0.1204160824418068,"y":-0.7874226570129395,"z":0.10323706269264221},"rotation":{"x":0.20943447947502137,"y":0.08494408428668976,"z":-0.018266011029481889,"w":0.9739553332328796},"size":4.159946918487549,"orthographic":false}