{"cameraMode":{"drawMode":0,"name":"Shaded","section":"Shading Mode"},"sceneLighting":true,"audioPlay":false,"sceneViewState":{"showFog":true,"showMaterialUpdate":false,"showSkybox":true,"showFlares":true,"showImageEffects":true,"showParticleSystems":true},"in2DMode":false,"pivot":{"x":-0.027000010013580323,"y":0.3100000023841858,"z":0.0},"rotation":{"x":0.2875891327857971,"y":0.08175694942474365,"z":-0.024647744372487069,"w":0.9539396166801453},"size":2.8880388736724855,"orthographic":false}