{"cameraMode":{"drawMode":0,"name":"Shaded","section":"Shading Mode"},"sceneLighting":true,"audioPlay":false,"sceneViewState":{"showFog":true,"showMaterialUpdate":false,"showSkybox":true,"showFlares":true,"showImageEffects":true,"showParticleSystems":true},"in2DMode":false,"pivot":{"x":5.486475944519043,"y":1.0712721347808838,"z":0.037728309631347659},"rotation":{"x":0.2875891327857971,"y":0.08175694942474365,"z":-0.024647744372487069,"w":0.9539396166801453},"size":4.403853416442871,"orthographic":false}